age_gp,true
20-24,0.83305
25-29,0.7142
30-34,0.47106
35-39,0.25615
40-44,0.05854
